{"mean_XI_opt": [0.4795433863107135, 0.22318717236062247, -0.7272613303533741, 0.08769799416831589, 0.0246355526866513, 0.039193294216066134, -0.03923607516233539, 0.005719755837755835, 0.006653625181492104, 0.002691820498379578, -0.0052799482779473965, -0.002334970174185342, 0.0002473906340875028, 0.001999359331050386, 0.0006271598656747512, 0.00043470627040351277, -0.00023473030818289904, -5.1924665934659914e-05, 7.135572755748466e-05, -3.867794824798515e-05, -1.9487293305309082e-05, -3.7040379026145835e-05, 1.4378488846696978e-06, 4.0057611786006566e-07, -1.6346871152460795e-06, 4.0231183053985515e-07, 1.7167547779318687e-07, -4.020999906732429e-07, 1.6777019135108171e-07, -3.759435660422683e-09], "conf_interval_XI_opt": [[0.00923505242586076, 0.004017664357963383, -0.9494069502886978, -0.06489115331342106, -0.1784234705622418, -0.014027711212113863, -0.13218458675826533, -0.09080404136821466, -0.021026539642351925, -0.02360002438300012, -0.025948665043461987, -0.00885032774955368, -0.002264125904140098, -0.003828665634065213, -8.815888315454441e-05, -0.00023185445291196973, -0.0009548745861061057, -0.0004716087029177752, -0.00041771720822123383, -0.00038801984779358027, -9.856498531131641e-05, -0.00020554753102095035, -3.446380723333717e-06, -2.854805202596041e-07, -1.2946582819689497e-05, -3.018725897781047e-07, -6.890395424928822e-07, -1.675544415145933e-06, -4.778110786046175e-07, -5.012646651750091e-07], [0.7809778474226516, 0.690710041360476, -0.5269292872461192, 0.4077321398881577, 0.14647767805370582, 0.20929574825620867, 0.011998589753918381, 0.10663962981040663, 0.05700783083448335, 0.0249809000629098, 0.002186596735547039, 0.003763311254068903, 0.0034023491574330374, 0.01807935320560886, 0.0029276868470100585, 0.002018860966585776, 2.2657988574280743e-06, 0.00021502429423848874, 0.0010151935854517187, 0.0001821632919915568, 2.2845999847991773e-06, 8.620776078377778e-06, 1.1997549595670025e-05, 1.7357784673214559e-06, 1.1586320666348386e-06, 2.7002376272439584e-06, 2.0613101191397588e-06, 8.720525141613215e-08, 1.800816892133697e-06, 4.483979356345939e-07]], "mean_BETA_opt": [-0.2369510027611527, -0.2352007238968811, -0.3791830760526372, -0.05320493317525039, 1.3890517577470463, 1.175830608206669, 0.6216104009364587, 0.9387970692303881, 1.0794509385778268, 0.7784996574818923, 0.9670626167484192, 2.174530647082586, 1.2198411429320717, 0.5559043778870248, 0.0299221726555982, -0.402843240371479, 0.2639943028392498, 1.3833479560058546, 1.7711217467645697, 2.23026237121618, 0.48613884983745237, -0.07980046972246953, -0.2198424678651644, 0.3461574131906754, 0.5650520871338994, 1.1863455649469201, 0.46957959105441044, 0.17011958090162604, 0.8328414480876465, 0.846895627983343], "conf_interval_BETA_opt": [[-0.32731990952686774, -0.2896239016415256, -0.49670574304475, -0.10292384075467109, 1.2571993969589375, 0.9935924867806601, 0.4490412996210738, 0.8136001531308278, 0.8129660466331643, 0.6448397919058093, 0.7844471730533245, 1.9928244005440967, 0.6874547637077579, 0.46014349656360914, -0.10045256070864499, -0.5730535935012058, 0.21673010128564663, 1.269894421909791, 1.4908351632025243, 2.018399857527149, 0.4061119979446147, -0.23035162976638268, -0.3679956297173607, 0.13710822593831287, 0.4876713771510995, 1.0604425135365878, 0.30570102001897953, -0.15538673111024373, 0.6379480123196476, 0.7491327449605257], [-0.15149437311091235, -0.18099257578638608, -0.30208636171463565, -0.007339770038636836, 1.5547421281922267, 1.3357075913693, 0.7492049159750989, 1.0440189263685107, 1.2994081856477624, 0.9027014122453226, 1.0885993162237633, 2.4578748109308663, 1.7366695409419375, 0.6381389460943293, 0.1528133310752514, -0.20086303175762008, 0.35037349750614344, 1.5165438737910963, 1.9026764391565774, 2.4434858304111424, 0.5803241841563297, 0.023007135914076212, -0.07518992238832749, 0.5163017816519724, 0.7493343690965827, 1.3294092501198274, 0.6519235793090653, 0.39595126155110844, 1.0729291627863313, 1.0087840691649161]]}